"id","parent.prodRgnName","shadeOrSize","sale","parent.largeImage"
"5C2901","Aramis Adventurer"," ",30,"http://ota.esteeonline.com/wishlist/images/adf/aramis-adventurer.jpg"
"bobbibrown13","Lip Color","Party Alice",0,"http://www.bobbibrowncosmetics.com/media/export/cms/products/415x415/bb_smoosh_E1000M_415x415_0.jpg"
"5H1A01","Aramis Classic EDT"," ",0,"http://ota.esteeonline.com/wishlist/images/featured/aramis-classic-edt.jpeg"
"SKU17317","Lip Color","Tulip",0,"http://www.bobbibrowncosmetics.com/media/export/cms/products/415x415/bb_smoosh_E10035_415x415_0.jpg"
"SKU55485","Lip Color","Coral Gables",0,"http://www.bobbibrowncosmetics.com/media/export/cms/products/415x415/bb_smoosh_E1000C_415x415_0.jpg"
"clinique2","Happy in Bloom Perfume Spray","50ml",0,"http://ota.esteeonline.com/wishlist/images/clinique/clinique.png"
"SKU66764","New Dimension","0.34 oz.",0,"http://www.esteelauder.com/media/export/cms/products/420x578/el_sku_RAJ001_420x578_0.jpg"
"rodin0","RODIN bis","1.7 fl. oz.",0,"http://ota.esteeonline.com/wishlist/images/rodin/bis_large.png"
"m-a-c3","Matchmaster Shade Intelligence Compact","2",0,"http://www.maccosmetics.com/media/export/cms/products/640x600/mac_sku_MYMJ03_640x600_0.jpg"
"tomford4","Mini Lip Color","Spanish Pink",0,"http://ota.esteeonline.com/wishlist/images/tomford/tomford.png"
"esteelauder7","Modern Muse Le Rouge Gift Set"," ",0,"http://ota.esteeonline.com/wishlist/images/estee/estee.png"
"m-a-c2","Matchmaster Shade Intelligence Compact","1.5",0,"http://www.maccosmetics.com/media/export/cms/products/640x600/mac_sku_MYMJ02_640x600_0.jpg"
"SKU63697","New Dimension","0.5 oz.",0,"http://www.esteelauder.com/media/export/cms/products/420x578/el_sku_R69J01_420x578_0.jpg"
"bobbibrown14","Lip Color","Wine",0,"http://www.bobbibrowncosmetics.com/media/export/cms/products/415x415/bb_smoosh_E10025_415x415_0.jpg"
"tomford5","Lip Color","Didier",0,"http://ota.esteeonline.com/wishlist/images/tomford/tomford.png"
"m-a-c5","Matchmaster Shade Intelligence Compact","4",0,"http://www.maccosmetics.com/media/export/cms/products/640x600/mac_sku_MYMJ05_640x600_0.jpg"
"2M8E01","Aramis Havana Cologne"," ",0,"http://ota.esteeonline.com/wishlist/images/featured/aramis-havana-cologne.jpeg"
"clinique24","Clinique Sonic System Purifying Cleansing Brush"," ",0,"http://ota.esteeonline.com/wishlist/images/clinique/sonics.png"